ticket,objectId,categoryId,templateId,commentNo,parentCommentNo,replyLevel,replyCount,replyAllCount,replyPreviewNo,replyList,imageCount,imageList,imagePathList,imageWidthList,imageHeightList,commentType,stickerId,sticker,sortValue,contents,userIdNo,exposedUserIp,lang,country,idType,idProvider,userName,userProfileImage,profileType,modTime,modTimeGmt,regTime,regTimeGmt,sympathyCount,antipathyCount,hideReplyButton,status,mine,best,mentions,toUser,userStatus,categoryImage,open,levelCode,grades,sympathy,antipathy,metaInfo,extension,audioInfoList,translation,report,middleBlindReport,spamInfo,userHomepageUrl,defamation,hiddenByCleanbot,score,ratings,managerLike,visible,manager,deleted,expose,exposeByCountry,virtual,secret,profileUserId,idNo,blindReport,blind,serviceId,userBlocked,containText,maskedUserId,maskedUserName,validateBanWords,anonymous
news,"news123,0002250409",*,default_politics,2621119114,2621119114,1,0,0,NA,NA,0,NA,NA,NA,NA,txt,NA,NA,1626406884419,감쌀걸 감싸라 증인조작하는 검사를 처내지도 못하고 있는데 그걸 감싸고 피의자를 욕하냐 대한민국 법조계가 썩은건 이런 우매한 대중들때문이다,1sjti,NA,ko,KR,naver,naver,free****,NA,naver,2021-07-16T12:41:24+0900,2021-07-16T03:41:24+0000,2021-07-16T12:41:24+0900,2021-07-16T03:41:24+0000,1,1,FALSE,0,FALSE,FALSE,NA,NA,0,NA,FALSE,NA,NA,FALSE,FALSE,NA,NA,NA,NA,NA,FALSE,NA,NA,FALSE,FALSE,0,NA,FALSE,TRUE,FALSE,FALSE,TRUE,FALSE,FALSE,FALSE,NA,1sjti,FALSE,FALSE,NA,FALSE,TRUE,free****,fr****,FALSE,FALSE
news,"news123,0002250409",*,default_politics,2621116064,2621116064,1,0,0,NA,NA,0,NA,NA,NA,NA,txt,NA,NA,1626406716386,일베 니들이좋아하는 천조국에서는 증거 증인의 적법함이 결과에 큰영향을 미친다. 사람들이 분노하는 포인트는 다른사람이 아니라 검사가 증인을 조작했다는점이야 정치검사가아니라면 저사건에 왜 검사가 증인을 만들어내나,1sjti,NA,ko,KR,naver,naver,free****,NA,naver,2021-07-16T12:38:36+0900,2021-07-16T03:38:36+0000,2021-07-16T12:38:36+0900,2021-07-16T03:38:36+0000,0,1,FALSE,0,FALSE,FALSE,NA,NA,0,NA,FALSE,NA,NA,FALSE,FALSE,NA,NA,NA,NA,NA,FALSE,NA,NA,FALSE,FALSE,0,NA,FALSE,TRUE,FALSE,FALSE,TRUE,FALSE,FALSE,FALSE,NA,1sjti,FALSE,FALSE,NA,FALSE,TRUE,free****,fr****,FALSE,FALSE
news,"news123,0002250409",*,default_politics,2621052634,2621052634,1,0,0,NA,NA,0,NA,NA,NA,NA,txt,NA,NA,1626403535910,검찰정권 만들려고 엄청 노력하는데 그렇게는 안될것이다.,1Vyi7,NA,ko,KR,naver,naver,mtws****,NA,naver,2021-07-16T11:45:36+0900,2021-07-16T02:45:36+0000,2021-07-16T11:45:36+0900,2021-07-16T02:45:36+0000,0,0,FALSE,0,FALSE,FALSE,NA,NA,0,NA,TRUE,NA,NA,FALSE,FALSE,NA,NA,NA,NA,NA,FALSE,NA,NA,FALSE,FALSE,0,NA,FALSE,TRUE,FALSE,FALSE,TRUE,FALSE,FALSE,FALSE,NA,1Vyi7,FALSE,FALSE,NA,FALSE,TRUE,mtws****,mt****,FALSE,FALSE
news,"news123,0002250409",*,default_politics,2621015314,2621015314,1,0,0,NA,NA,0,NA,NA,NA,NA,txt,NA,NA,1626401662776,과거가 밥 먹여주는건 아닌데 맨날 과거 청산만 ..청산도 제대로 못하면서 ...,3BQGr,NA,ko,KR,naver,naver,oneq****,https://phinf.pstatic.net/contact/20180926_37/1537913506818oW9zk_JPEG/image.jpg,naver,2021-07-16T11:14:23+0900,2021-07-16T02:14:23+0000,2021-07-16T11:14:23+0900,2021-07-16T02:14:23+0000,1,2,FALSE,0,FALSE,FALSE,NA,NA,0,NA,TRUE,NA,NA,FALSE,FALSE,NA,NA,NA,NA,NA,FALSE,NA,NA,FALSE,FALSE,0,NA,FALSE,TRUE,FALSE,FALSE,TRUE,FALSE,FALSE,FALSE,NA,3BQGr,FALSE,FALSE,NA,FALSE,TRUE,oneq****,on****,FALSE,FALSE
news,"news123,0002250409",*,default_politics,2621006474,2621006474,1,0,0,NA,NA,0,NA,NA,NA,NA,txt,NA,NA,1626401192813,따블당은 뇌물과 성폭행을 빼면 뭐가 남는 당이냐?? 아... 동성애자 대깨 유공자 짱깨가 남는구나... ㅋㅋㅋ,1qKk2,NA,ko,KR,naver,naver,debo****,NA,naver,2021-07-16T11:06:33+0900,2021-07-16T02:06:33+0000,2021-07-16T11:06:33+0900,2021-07-16T02:06:33+0000,0,0,FALSE,0,FALSE,FALSE,NA,NA,0,NA,FALSE,NA,NA,FALSE,FALSE,NA,NA,NA,NA,NA,FALSE,NA,NA,FALSE,FALSE,0,NA,FALSE,TRUE,FALSE,FALSE,TRUE,FALSE,FALSE,FALSE,NA,1qKk2,FALSE,FALSE,NA,FALSE,TRUE,debo****,de****,FALSE,FALSE
news,"news123,0002250409",*,default_politics,2620999514,2620999514,1,0,0,NA,NA,0,NA,NA,NA,NA,txt,NA,NA,1626400864524,윤로남불,1h7ZW,NA,ko,KR,naver,naver,ibo1****,NA,naver,2021-07-16T11:01:05+0900,2021-07-16T02:01:05+0000,2021-07-16T11:01:05+0900,2021-07-16T02:01:05+0000,3,5,FALSE,0,FALSE,FALSE,NA,NA,0,NA,TRUE,NA,NA,FALSE,FALSE,NA,NA,NA,NA,NA,FALSE,NA,NA,FALSE,FALSE,0,NA,FALSE,TRUE,FALSE,FALSE,TRUE,FALSE,FALSE,FALSE,NA,1h7ZW,FALSE,FALSE,NA,FALSE,TRUE,ibo1****,ib****,FALSE,FALSE
news,"news123,0002250409",*,default_politics,2620990264,2620990264,1,0,0,NA,NA,0,NA,NA,NA,NA,txt,NA,NA,1626400456672,노무현도 버리던 놈들이 핸명숙청은 왜 못 버리는지 아냐??그 남편이랑 핸명숙이 운동권에서 가지는 의미를 모르니 ㅉㅉㅉ,22lgv,NA,ko,KR,naver,naver,sisi****,NA,naver,2021-07-16T10:54:17+0900,2021-07-16T01:54:17+0000,2021-07-16T10:54:17+0900,2021-07-16T01:54:17+0000,1,0,FALSE,0,FALSE,FALSE,NA,NA,0,NA,FALSE,NA,NA,FALSE,FALSE,NA,NA,NA,NA,NA,FALSE,NA,NA,FALSE,FALSE,0,NA,FALSE,TRUE,FALSE,FALSE,TRUE,FALSE,FALSE,FALSE,NA,22lgv,FALSE,FALSE,NA,FALSE,TRUE,sisi****,si****,FALSE,FALSE
news,"news123,0002250409",*,default_politics,2620985474,2620985474,1,0,0,NA,NA,0,NA,NA,NA,NA,txt,NA,NA,1626400225111,10원이아니라 1원짜리구만,1dPOA,NA,ko,KR,naver,naver,park****,NA,naver,2021-07-16T10:50:25+0900,2021-07-16T01:50:25+0000,2021-07-16T10:50:25+0900,2021-07-16T01:50:25+0000,0,0,FALSE,0,FALSE,FALSE,NA,NA,0,NA,TRUE,NA,NA,FALSE,FALSE,NA,NA,NA,NA,NA,FALSE,NA,NA,FALSE,FALSE,0,NA,FALSE,TRUE,FALSE,FALSE,TRUE,FALSE,FALSE,FALSE,NA,1dPOA,FALSE,FALSE,NA,FALSE,TRUE,park****,pa****,FALSE,FALSE
news,"news123,0002250409",*,default_politics,2620976294,2620976294,1,0,0,NA,NA,0,NA,NA,NA,NA,txt,NA,NA,1626399745680,"아니... 대법원에서 유죄 판결을 내린 결정적 내용은 그 수표라는 빼박 증거가 나와서 그랬던 거잖아..
사건 수사의 적법성이고 나발이고 떠나서. 
금품 수수한 빼박증거가 나왔기 때문에 그냥 만장일치로 
유죄 판결이 나온거여...  수사 적법성이 어쩌고 저쩌고 하면 받은 돈이 안 받은걸로 바뀌냐ㅋ
수표번호가 바뀌기라도 해? 도성쯤되나?ㅋ",AtaU,NA,ko,KR,naver,naver,kbj6****,NA,naver,2021-07-16T10:42:26+0900,2021-07-16T01:42:26+0000,2021-07-16T10:42:26+0900,2021-07-16T01:42:26+0000,1,0,FALSE,0,FALSE,FALSE,NA,NA,0,NA,FALSE,NA,NA,FALSE,FALSE,NA,NA,NA,NA,NA,FALSE,NA,NA,FALSE,FALSE,0,NA,FALSE,TRUE,FALSE,FALSE,TRUE,FALSE,FALSE,FALSE,NA,AtaU,FALSE,FALSE,NA,FALSE,TRUE,kbj6****,kb****,FALSE,FALSE
news,"news123,0002250409",*,default_politics,2620974744,2620974744,1,0,0,NA,NA,0,NA,NA,NA,NA,txt,NA,NA,1626399661856,명숙이얼굴에철판깔았나봐녹금방쓴다,2tpKt,NA,ko,KR,naver,naver,hilt****,NA,naver,2021-07-16T10:41:02+0900,2021-07-16T01:41:02+0000,2021-07-16T10:41:02+0900,2021-07-16T01:41:02+0000,0,0,FALSE,0,FALSE,FALSE,NA,NA,0,NA,TRUE,NA,NA,FALSE,FALSE,NA,NA,NA,NA,NA,FALSE,NA,NA,FALSE,FALSE,0,NA,FALSE,TRUE,FALSE,FALSE,TRUE,FALSE,FALSE,FALSE,NA,2tpKt,FALSE,FALSE,NA,FALSE,TRUE,hilt****,hi****,FALSE,FALSE
news,"news123,0002250409",*,default_politics,2620972544,2620972544,1,0,0,NA,NA,0,NA,NA,NA,NA,txt,NA,NA,1626399548762,단건 모르겠고  백번 가까이  불렀다는게 이해불가  석열아 넌 이게 정당하다 생각하냐,2FcMP,NA,ko,KR,naver,naver,kkoo****,NA,naver,2021-07-16T10:39:09+0900,2021-07-16T01:39:09+0000,2021-07-16T10:39:09+0900,2021-07-16T01:39:09+0000,1,3,FALSE,0,FALSE,FALSE,NA,NA,0,NA,FALSE,NA,NA,FALSE,FALSE,NA,NA,NA,NA,NA,FALSE,NA,NA,FALSE,FALSE,0,NA,FALSE,TRUE,FALSE,FALSE,TRUE,FALSE,FALSE,FALSE,NA,2FcMP,FALSE,FALSE,NA,FALSE,TRUE,kkoo****,kk****,FALSE,FALSE
news,"news123,0002250409",*,default_politics,2620965754,2620965754,1,0,3,NA,NA,0,NA,NA,NA,NA,txt,NA,NA,1626399192762,"윤석열아, 좀 솔직해지자.
한명숙사건은 니들이 조작한거 맞잖아.
사기꾼 집안에 들어가더니, 너도 사기꾼화  되었나보다.",bJQP,NA,ko,KR,naver,naver,bwki****,NA,naver,2021-07-16T10:33:13+0900,2021-07-16T01:33:13+0000,2021-07-16T10:33:13+0900,2021-07-16T01:33:13+0000,4,10,FALSE,0,FALSE,FALSE,NA,NA,0,NA,TRUE,NA,NA,FALSE,FALSE,NA,NA,NA,NA,NA,FALSE,NA,NA,FALSE,FALSE,0,NA,FALSE,TRUE,FALSE,FALSE,TRUE,FALSE,FALSE,FALSE,NA,bJQP,FALSE,FALSE,NA,FALSE,TRUE,bwki****,bw****,FALSE,FALSE
news,"news123,0002250409",*,default_politics,2620960344,2620960344,1,0,0,NA,NA,0,NA,NA,NA,NA,txt,NA,NA,1626398887527,"삼성전자가 사준 아파트에 사시는 쥴리 부부.
초특권 계층. 갑오브갑!",bWRpw,NA,ko,KR,naver,naver,sbka****,NA,naver,2021-07-16T10:28:08+0900,2021-07-16T01:28:08+0000,2021-07-16T10:28:08+0900,2021-07-16T01:28:08+0000,3,3,FALSE,0,FALSE,FALSE,NA,NA,0,NA,TRUE,NA,NA,FALSE,FALSE,NA,NA,NA,NA,NA,FALSE,NA,NA,FALSE,FALSE,0,NA,FALSE,TRUE,FALSE,FALSE,TRUE,FALSE,FALSE,FALSE,NA,bWRpw,FALSE,FALSE,NA,FALSE,TRUE,sbka****,sb****,FALSE,FALSE
news,"news123,0002250409",*,default_politics,2620955674,2620955674,1,0,0,NA,NA,0,NA,NA,NA,NA,txt,NA,NA,1626398629035,가증스럽고 더러운 전 총장 🐦끼 누구라고는 말 안하겠다 저를 총장 시켜준 은혜도 모르고 미##친 망나니처럼 날뛴다 지안식구 장모 사건은 철저히 덥고 미###친듯이 날뛴다 그리고  말할때   고개좀 흔들지 마라 이 똘&amp&amp아이 🐦끼야,1BgRS,NA,ko,KR,naver,naver,tank****,https://phinf.pstatic.net/contact/profile/blog/38/64/tankman21c.jpg,naver,2021-07-16T10:23:49+0900,2021-07-16T01:23:49+0000,2021-07-16T10:23:49+0900,2021-07-16T01:23:49+0000,0,0,FALSE,0,FALSE,FALSE,NA,NA,0,NA,TRUE,NA,NA,FALSE,FALSE,NA,NA,NA,NA,NA,FALSE,NA,NA,FALSE,TRUE,0,NA,FALSE,TRUE,FALSE,FALSE,TRUE,FALSE,FALSE,FALSE,NA,1BgRS,FALSE,FALSE,NA,FALSE,TRUE,tank****,ta****,FALSE,FALSE
news,"news123,0002250409",*,default_politics,2620954124,2620954124,1,0,0,NA,NA,0,NA,NA,NA,NA,txt,NA,NA,1626398549122,"김학의 출국금지는 그리 절차 따지고 수사했으면서, 한명숙 검찰과 짜고한 모해위증은 또 유죄났으니 괜찮다? ㅋㅋ 그럼 김학의도 유죄났는데 괜찮은거 아님? 아놔 윤석열 칠푼이.",5HLI3,NA,ko,KR,naver,naver,2950****,NA,naver,2021-07-16T10:22:29+0900,2021-07-16T01:22:29+0000,2021-07-16T10:22:29+0900,2021-07-16T01:22:29+0000,5,3,FALSE,0,FALSE,FALSE,NA,NA,0,NA,FALSE,NA,NA,FALSE,FALSE,NA,NA,NA,NA,NA,FALSE,NA,NA,FALSE,FALSE,0,NA,FALSE,TRUE,FALSE,FALSE,TRUE,FALSE,FALSE,FALSE,NA,5HLI3,FALSE,FALSE,NA,FALSE,TRUE,2950****,29****,FALSE,FALSE
news,"news123,0002250409",*,default_politics,2620951414,2620951414,1,0,0,NA,NA,0,NA,NA,NA,NA,txt,NA,NA,1626398407982,윤십원님 여기서도 윤로남불 시전중이시네요. 쥴리는 다 됐고. 신혼집 누가 해준건지 해명이나 좀 해보세요.,khxb,NA,ko,KR,naver,naver,nina****,https://phinf.pstatic.net/contact/20150420_249/1429458706819WXEhy_JPEG/pikicast-1206787435.jpg,naver,2021-07-16T10:20:08+0900,2021-07-16T01:20:08+0000,2021-07-16T10:20:08+0900,2021-07-16T01:20:08+0000,1,3,FALSE,0,FALSE,FALSE,NA,NA,0,NA,FALSE,NA,NA,FALSE,FALSE,NA,NA,NA,NA,NA,FALSE,NA,NA,FALSE,FALSE,0,NA,FALSE,TRUE,FALSE,FALSE,TRUE,FALSE,FALSE,FALSE,NA,khxb,FALSE,FALSE,NA,FALSE,TRUE,nina****,ni****,FALSE,FALSE
news,"news123,0002250409",*,default_politics,2620944374,2620944374,1,1,1,NA,NA,0,NA,NA,NA,NA,txt,NA,NA,1626398036844,정치검찰 석렬이 ㅋㅋㅋ,1H9YD,NA,ko,KR,naver,naver,okdc****,https://phinf.pstatic.net/contact/20190608_9/1559956838132m9K87_JPEG/image.jpg,naver,2021-07-16T10:13:57+0900,2021-07-16T01:13:57+0000,2021-07-16T10:13:57+0900,2021-07-16T01:13:57+0000,3,6,FALSE,0,FALSE,FALSE,NA,NA,0,NA,TRUE,NA,NA,FALSE,FALSE,NA,NA,NA,NA,NA,FALSE,NA,NA,FALSE,FALSE,0,NA,FALSE,TRUE,FALSE,FALSE,TRUE,FALSE,FALSE,FALSE,NA,1H9YD,FALSE,FALSE,NA,FALSE,TRUE,okdc****,ok****,FALSE,FALSE
news,"news123,0002250409",*,default_politics,2620941254,2620941254,1,0,0,NA,NA,0,NA,NA,NA,NA,txt,NA,NA,1626397895928,"그럼 검찰이 특정 정권의 개가 되어 없는 죄도 만들어 뒤집어 쒸우는게 정상 입니까? 그잘난 검찰이 법원 판사 사찰도 했다며, 그러니 결과 적으론 특정정권, 검찰, 판사가 한통속이 되어 잡아 넣은 거잖아 아닙니까?",bavs3,NA,ko,KR,naver,naver,yjs_****,NA,naver,2021-07-16T10:11:36+0900,2021-07-16T01:11:36+0000,2021-07-16T10:11:36+0900,2021-07-16T01:11:36+0000,3,8,FALSE,0,FALSE,FALSE,NA,NA,0,NA,TRUE,NA,NA,FALSE,FALSE,NA,NA,NA,NA,NA,FALSE,NA,NA,FALSE,FALSE,0,NA,FALSE,TRUE,FALSE,FALSE,TRUE,FALSE,FALSE,FALSE,NA,bavs3,FALSE,FALSE,NA,FALSE,TRUE,yjs_****,yj****,FALSE,FALSE
news,"news123,0002250409",*,default_politics,2620939964,2620939964,1,0,0,NA,NA,0,NA,NA,NA,NA,txt,NA,NA,1626397840662,대깨마피아들은 대법원판결마저 방송에서 왜곡이용하려하네. 법대로해라 헌법대로하라고 옆에서 비겁하게말고.,n9Nh,NA,ko,KR,naver,naver,fish****,NA,naver,2021-07-16T10:10:41+0900,2021-07-16T01:10:41+0000,2021-07-16T10:10:41+0900,2021-07-16T01:10:41+0000,5,1,FALSE,0,FALSE,FALSE,NA,NA,0,NA,FALSE,NA,NA,FALSE,FALSE,NA,NA,NA,NA,NA,FALSE,NA,NA,FALSE,FALSE,0,NA,FALSE,TRUE,FALSE,FALSE,TRUE,FALSE,FALSE,FALSE,NA,n9Nh,FALSE,FALSE,NA,FALSE,TRUE,fish****,fi****,FALSE,FALSE
news,"news123,0002250409",*,default_politics,2620938944,2620938944,1,0,0,NA,NA,0,NA,NA,NA,NA,txt,NA,NA,1626397789524,"차기 대통령 윤석열 화이팅입니다ᆢ
그 어떤 노무리도 법과 정의에 어긋나는 개들은 모조리 처단해야 됩니다ᆢ",4n3NC,NA,ko,KR,naver,naver,khd6****,NA,naver,2021-07-16T10:09:50+0900,2021-07-16T01:09:50+0000,2021-07-16T10:09:50+0900,2021-07-16T01:09:50+0000,3,1,FALSE,0,FALSE,FALSE,NA,NA,0,NA,FALSE,NA,NA,FALSE,FALSE,NA,NA,NA,NA,NA,FALSE,NA,NA,FALSE,FALSE,0,NA,FALSE,TRUE,FALSE,FALSE,TRUE,FALSE,FALSE,FALSE,NA,4n3NC,FALSE,FALSE,NA,FALSE,TRUE,khd6****,kh****,FALSE,FALSE
news,"news123,0002250409",*,default_politics,2620937724,2620937724,1,0,0,NA,NA,0,NA,NA,NA,NA,txt,NA,NA,1626397729374,명숙이 수표는 빼박인데 ... 박범계  문재인은 미쳤구나 ...,2lfsH,NA,ko,KR,naver,naver,yc03****,NA,naver,2021-07-16T10:08:49+0900,2021-07-16T01:08:49+0000,2021-07-16T10:08:49+0900,2021-07-16T01:08:49+0000,6,1,FALSE,0,FALSE,FALSE,NA,NA,0,NA,FALSE,NA,NA,FALSE,FALSE,NA,NA,NA,NA,NA,FALSE,NA,NA,FALSE,FALSE,0,NA,FALSE,TRUE,FALSE,FALSE,TRUE,FALSE,FALSE,FALSE,NA,2lfsH,FALSE,FALSE,NA,FALSE,TRUE,yc03****,yc****,FALSE,FALSE
news,"news123,0002250409",*,default_politics,2620937494,2620937494,1,0,0,NA,NA,0,NA,NA,NA,NA,txt,NA,NA,1626397719017,한명숙은 진정 원할까? ㅋㅋ 돈을 안받았다가 아니잖아? 받은 수표쓴게 명확해서 3심유죄판결인데 이제와서 돈은 받아 쳐먹었는데 절차가 문제라는거야? 그럼 김학의도 무죄로 나오겠네? OOO 얘네들 보면 학창시절 운동권애들 특성이 보여 논리고 정의고 없어 그냥 지들이 정의고 논리야 다른 의견은 무조건 부정적이고 다른 행동은 배신이야  얘들이 국민걱정할것 같아? 전혀 학창시절 학생회비로 낮술쳐먹고 술꼬장 피던 애들이 그런 생각안햐 거짓말은 겁나하지 90년대 후반부터 운동권이 망해간것 처럼 이정권 586운동권도 종말을 고할꺼야,1msHs,NA,ko,KR,naver,naver,vict****,NA,naver,2021-07-16T10:08:39+0900,2021-07-16T01:08:39+0000,2021-07-16T10:08:39+0900,2021-07-16T01:08:39+0000,0,0,FALSE,0,FALSE,FALSE,NA,NA,0,NA,FALSE,NA,NA,FALSE,FALSE,NA,NA,NA,NA,NA,FALSE,NA,NA,FALSE,TRUE,0,NA,FALSE,TRUE,FALSE,FALSE,TRUE,FALSE,FALSE,FALSE,NA,1msHs,FALSE,FALSE,NA,FALSE,TRUE,vict****,vi****,FALSE,FALSE
news,"news123,0002250409",*,default_politics,2620937144,2620937144,1,0,0,NA,NA,0,NA,NA,NA,NA,txt,NA,NA,1626397704882,그러니까 발행인도 있고 내가 사용도 했지만 나는 모르는일...이렇게 하면 대한민국에서 죄가 안되는 구나.즉 나도 어디서 수표 훔쳐와서 사용하다 잡혀도 모르는일 하면 그냥 끝나는것임?,1bQeH,NA,ko,KR,naver,naver,fast****,NA,naver,2021-07-16T10:08:25+0900,2021-07-16T01:08:25+0000,2021-07-16T10:08:25+0900,2021-07-16T01:08:25+0000,3,0,FALSE,0,FALSE,FALSE,NA,NA,0,NA,TRUE,NA,NA,FALSE,FALSE,NA,NA,NA,NA,NA,FALSE,NA,NA,FALSE,FALSE,0,NA,FALSE,TRUE,FALSE,FALSE,TRUE,FALSE,FALSE,FALSE,NA,1bQeH,FALSE,FALSE,NA,FALSE,TRUE,fast****,fa****,FALSE,FALSE
news,"news123,0002250409",*,default_politics,2620936884,2620936884,1,0,0,NA,NA,0,NA,NA,NA,NA,txt,NA,NA,1626397693662,"만약 조선민주주의인민공화국 김씨 3대 세습체제하였다면 어땠을까? 이복형도 암살하고 고모부도 가차없이 고사총 압살하고... 대한민국이 그나마 법치국가 틀 속에서 돌아가니 망정이지, 한명숙 뿐 아니라 조국 사태에서 보듯 지들을 건드리면 북한 김정은체제라면 벌써 이들이 찍은 사람들은 형체도 없이 주검으로 변했을 것이다! 이들의 사고방식이 꼭 붉은 띠 완장찬 빨갱이! 북녘 동포 인권엔 찍소리도 못하는 팔불출 주제에 감히 대한민국을 수십년 장기집권 망상에 미쳐 이 여름 폭염속에 코로나 속에 미쳐도 제대로 미쳐간다!미친개는 몽둥이가 약이다!",5WufJ,NA,ko,KR,naver,naver,nada****,https://phinf.pstatic.net/contact/20210120_106/16111414603938WYaB_JPEG/image.jpg,naver,2021-07-16T10:08:14+0900,2021-07-16T01:08:14+0000,2021-07-16T10:08:14+0900,2021-07-16T01:08:14+0000,3,1,FALSE,0,FALSE,FALSE,NA,NA,0,NA,TRUE,NA,NA,FALSE,FALSE,NA,NA,NA,NA,NA,FALSE,NA,NA,FALSE,FALSE,0,NA,FALSE,TRUE,FALSE,FALSE,TRUE,FALSE,FALSE,FALSE,NA,5WufJ,FALSE,FALSE,NA,FALSE,TRUE,nada****,na****,FALSE,FALSE
news,"news123,0002250409",*,default_politics,2620936794,2620936794,1,0,0,NA,NA,0,NA,NA,NA,NA,txt,NA,NA,1626397686457,대법원  판결도 부정하는 막가파들  대법원  판사들이  호구로 보이냐,9J6Ex,NA,ko,KR,naver,naver,maru****,NA,naver,2021-07-16T10:08:06+0900,2021-07-16T01:08:06+0000,2021-07-16T10:08:06+0900,2021-07-16T01:08:06+0000,2,1,FALSE,0,FALSE,FALSE,NA,NA,0,NA,TRUE,NA,NA,FALSE,FALSE,NA,NA,NA,NA,NA,FALSE,NA,NA,FALSE,FALSE,0,NA,FALSE,TRUE,FALSE,FALSE,TRUE,FALSE,FALSE,FALSE,NA,9J6Ex,FALSE,FALSE,NA,FALSE,TRUE,maru****,ma****,FALSE,FALSE
news,"news123,0002250409",*,default_politics,2620936444,2620936444,1,0,0,NA,NA,0,NA,NA,NA,NA,txt,NA,NA,1626397672136,요즘 선거철이 되니 여론 몰이 하느라고 빨갱이 댓글 팀이 슬슬 활동 하네요~~ 국민여러분!!!! 이번엔  댓글 여론 조작팀에 현혹되면 우리나라 북한처럼 됩니다. 현혹 당하지 않길 간절히 바랍니다.,bwPk1,NA,ko,KR,naver,naver,coff****,https://phinf.pstatic.net/contact/20210624_84/1624499710736pRCSf_JPEG/image.jpg,naver,2021-07-16T10:07:52+0900,2021-07-16T01:07:52+0000,2021-07-16T10:07:52+0900,2021-07-16T01:07:52+0000,1,1,FALSE,0,FALSE,FALSE,NA,NA,0,NA,TRUE,NA,NA,FALSE,FALSE,NA,NA,NA,NA,NA,FALSE,NA,NA,FALSE,FALSE,0,NA,FALSE,TRUE,FALSE,FALSE,TRUE,FALSE,FALSE,FALSE,NA,bwPk1,FALSE,FALSE,NA,FALSE,TRUE,coff****,co****,FALSE,FALSE
news,"news123,0002250409",*,default_politics,2620936004,2620936004,1,0,0,NA,NA,0,NA,NA,NA,NA,txt,NA,NA,1626397654815,남관이 석열이 몇 달 있음 빵에서 보겠네 ㅋㅋㅋ,vXXk,NA,ko,KR,naver,naver,plen****,NA,naver,2021-07-16T10:07:35+0900,2021-07-16T01:07:35+0000,2021-07-16T10:07:35+0900,2021-07-16T01:07:35+0000,1,6,FALSE,0,FALSE,FALSE,NA,NA,0,NA,TRUE,NA,NA,FALSE,FALSE,NA,NA,NA,NA,NA,FALSE,NA,NA,FALSE,FALSE,0,NA,FALSE,TRUE,FALSE,FALSE,TRUE,FALSE,FALSE,FALSE,NA,vXXk,FALSE,FALSE,NA,FALSE,TRUE,plen****,pl****,FALSE,FALSE
news,"news123,0002250409",*,default_politics,2620935764,2620935764,1,0,0,NA,NA,0,NA,NA,NA,NA,txt,NA,NA,1626397644052,문재앙 정권 쓰레기들 깜방으로,27Wez,NA,ko,KR,naver,naver,lee6****,NA,naver,2021-07-16T10:07:24+0900,2021-07-16T01:07:24+0000,2021-07-16T10:07:24+0900,2021-07-16T01:07:24+0000,1,0,FALSE,0,FALSE,FALSE,NA,NA,0,NA,TRUE,NA,NA,FALSE,FALSE,NA,NA,NA,NA,NA,FALSE,NA,NA,FALSE,FALSE,0,NA,FALSE,TRUE,FALSE,FALSE,TRUE,FALSE,FALSE,FALSE,NA,27Wez,FALSE,FALSE,NA,FALSE,TRUE,lee6****,le****,FALSE,FALSE
news,"news123,0002250409",*,default_politics,2620935294,2620935294,1,0,0,NA,NA,0,NA,NA,NA,NA,txt,NA,NA,1626397621522,"한명숙이가 뭔데  감옥갔다 온년을 또...더불어  이것들은 애국심이 있는지,대가리는 왜 달고 다니는지, 국민을 개돼지로 보는지.  대한민국 국민인지 묻고 싶다.",37xnO,NA,ko,KR,naver,naver,topa****,NA,naver,2021-07-16T10:07:02+0900,2021-07-16T01:07:02+0000,2021-07-16T10:07:02+0900,2021-07-16T01:07:02+0000,1,0,FALSE,0,FALSE,FALSE,NA,NA,0,NA,FALSE,NA,NA,FALSE,FALSE,NA,NA,NA,NA,NA,FALSE,NA,NA,FALSE,FALSE,0,NA,FALSE,TRUE,FALSE,FALSE,TRUE,FALSE,FALSE,FALSE,NA,37xnO,FALSE,FALSE,NA,FALSE,TRUE,topa****,to****,FALSE,FALSE
news,"news123,0002250409",*,default_politics,2620934814,2620934814,1,0,0,NA,NA,0,NA,NA,NA,NA,txt,NA,NA,1626397599994,"코로나야  !  제발 ~
한명숙, 조국,  등   소음 유발자들을 치워주라 !",caJkg,NA,ko,KR,naver,naver,jts1****,NA,naver,2021-07-16T10:06:40+0900,2021-07-16T01:06:40+0000,2021-07-16T10:06:40+0900,2021-07-16T01:06:40+0000,1,0,FALSE,0,FALSE,FALSE,NA,NA,0,NA,TRUE,NA,NA,FALSE,FALSE,NA,NA,NA,NA,NA,FALSE,NA,NA,FALSE,FALSE,0,NA,FALSE,TRUE,FALSE,FALSE,TRUE,FALSE,FALSE,FALSE,NA,caJkg,FALSE,FALSE,NA,FALSE,TRUE,jts1****,jt****,FALSE,FALSE
news,"news123,0002250409",*,default_politics,2620934554,2620934554,1,1,1,NA,NA,0,NA,NA,NA,NA,txt,NA,NA,1626397586774,삼성은 핸드폰이나 잘만들어라  대통령까지 만들려고 주접떨지말고 그러다 피똥싼다 ㅋ!!,41dCa,NA,ko,KR,naver,naver,inoy****,NA,naver,2021-07-16T10:06:27+0900,2021-07-16T01:06:27+0000,2021-07-16T10:06:27+0900,2021-07-16T01:06:27+0000,0,4,FALSE,0,FALSE,FALSE,NA,NA,0,NA,FALSE,NA,NA,FALSE,FALSE,NA,NA,NA,NA,NA,FALSE,NA,NA,FALSE,FALSE,0,NA,FALSE,TRUE,FALSE,FALSE,TRUE,FALSE,FALSE,FALSE,NA,41dCa,FALSE,FALSE,NA,FALSE,TRUE,inoy****,in****,FALSE,FALSE
news,"news123,0002250409",*,default_politics,2620934324,2620934324,1,0,0,NA,NA,0,NA,NA,NA,NA,txt,NA,NA,1626397577112,윤 도리도리는 특권으로 접대부와 그 애미 뒤 봐준거나 처벌받거라. 니놈이 그런 말할 자격도 없는 놈이다.,1ruyJ,NA,ko,KR,naver,naver,mcod****,NA,naver,2021-07-16T10:06:17+0900,2021-07-16T01:06:17+0000,2021-07-16T10:06:17+0900,2021-07-16T01:06:17+0000,0,4,FALSE,0,FALSE,FALSE,NA,NA,0,NA,FALSE,NA,NA,FALSE,FALSE,NA,NA,NA,NA,NA,FALSE,NA,NA,FALSE,FALSE,0,NA,FALSE,TRUE,FALSE,FALSE,TRUE,FALSE,FALSE,FALSE,NA,1ruyJ,FALSE,FALSE,NA,FALSE,TRUE,mcod****,mc****,FALSE,FALSE
news,"news123,0002250409",*,default_politics,2620933254,2620933254,1,2,2,NA,NA,0,NA,NA,NA,NA,txt,NA,NA,1626397533506,검찰 늬들이 증인들 위증 교사해서 덮어씌운거 바로잡겠다는 거잖니?,2c1TG,NA,ko,KR,naver,naver,ik90****,NA,naver,2021-07-16T10:05:34+0900,2021-07-16T01:05:34+0000,2021-07-16T10:05:34+0900,2021-07-16T01:05:34+0000,1,5,FALSE,0,FALSE,FALSE,NA,NA,0,NA,FALSE,NA,NA,FALSE,FALSE,NA,NA,NA,NA,NA,FALSE,NA,NA,FALSE,FALSE,0,NA,FALSE,TRUE,FALSE,FALSE,TRUE,FALSE,FALSE,FALSE,NA,2c1TG,FALSE,FALSE,NA,FALSE,TRUE,ik90****,ik****,FALSE,FALSE
news,"news123,0002250409",*,default_politics,2620933194,2620933194,1,0,0,NA,NA,0,NA,NA,NA,NA,txt,NA,NA,1626397532148,한명숙 이인간이 나중에 여러사람 옥살이 시키겠구나...물론 민주당이란 사기꾼 정치인들 집합소 애들이겠지만...살다살다 이렇게 더러운 정권은 처음본다.,2AgsF,NA,ko,KR,naver,naver,kyj1****,NA,naver,2021-07-16T10:05:32+0900,2021-07-16T01:05:32+0000,2021-07-16T10:05:32+0900,2021-07-16T01:05:32+0000,6,0,FALSE,0,FALSE,FALSE,NA,NA,0,NA,TRUE,NA,NA,FALSE,FALSE,NA,NA,NA,NA,NA,FALSE,NA,NA,FALSE,FALSE,0,NA,FALSE,TRUE,FALSE,FALSE,TRUE,FALSE,FALSE,FALSE,NA,2AgsF,FALSE,FALSE,NA,FALSE,TRUE,kyj1****,ky****,FALSE,FALSE
news,"news123,0002250409",*,default_politics,2620932704,2620932704,1,0,0,NA,NA,0,NA,NA,NA,NA,txt,NA,NA,1626397506919,과거의 광주 시민들과 현재의 광주는 다른 지역 같다. 피흘리며 민주화를 추구했는데 이제는 저런 더러운 민주당을 맹목적으로 빠는거 보고...쓰러져 간 선배들이 피눈물을 흘릴 듯....,6zOx,NA,ko,KR,naver,naver,tale****,https://phinf.pstatic.net/contact/20210515_235/1621054564606Sga1U_GIF/image.gif,naver,2021-07-16T10:05:07+0900,2021-07-16T01:05:07+0000,2021-07-16T10:05:07+0900,2021-07-16T01:05:07+0000,4,0,FALSE,0,FALSE,FALSE,NA,NA,0,NA,FALSE,NA,NA,FALSE,FALSE,NA,NA,NA,NA,NA,FALSE,NA,NA,FALSE,FALSE,0,NA,FALSE,TRUE,FALSE,FALSE,TRUE,FALSE,FALSE,FALSE,NA,6zOx,FALSE,FALSE,NA,FALSE,TRUE,tale****,ta****,FALSE,FALSE
news,"news123,0002250409",*,default_politics,2620932654,2620932654,1,0,0,NA,NA,0,NA,NA,NA,NA,txt,NA,NA,1626397505167,"쓸데없는 언론플레이,남탓말고~억울하면재심청구하라고 ,윤총장이 합리적인 조언까지하는듯",1qeNr,NA,ko,KR,naver,naver,youn****,NA,naver,2021-07-16T10:05:05+0900,2021-07-16T01:05:05+0000,2021-07-16T10:05:05+0900,2021-07-16T01:05:05+0000,6,0,FALSE,0,FALSE,FALSE,NA,NA,0,NA,FALSE,NA,NA,FALSE,FALSE,NA,NA,NA,NA,NA,FALSE,NA,NA,FALSE,FALSE,0,NA,FALSE,TRUE,FALSE,FALSE,TRUE,FALSE,FALSE,FALSE,NA,1qeNr,FALSE,FALSE,NA,FALSE,TRUE,youn****,yo****,FALSE,FALSE
news,"news123,0002250409",*,default_politics,2620930704,2620930704,1,0,0,NA,NA,0,NA,NA,NA,NA,txt,NA,NA,1626397415536,"한명숙 기소한 권오성 검사님 존경합니다.
온갖압박에도 굴하지않고..
결국 좌천되고..
권오성 검사님 다시 콜백하자",3qGm4,NA,ko,KR,naver,naver,benz****,NA,naver,2021-07-16T10:03:36+0900,2021-07-16T01:03:36+0000,2021-07-16T10:03:36+0900,2021-07-16T01:03:36+0000,3,3,FALSE,0,FALSE,FALSE,NA,NA,0,NA,FALSE,NA,NA,FALSE,FALSE,NA,NA,NA,NA,NA,FALSE,NA,NA,FALSE,FALSE,0,NA,FALSE,TRUE,FALSE,FALSE,TRUE,FALSE,FALSE,FALSE,NA,3qGm4,FALSE,FALSE,NA,FALSE,TRUE,benz****,be****,FALSE,FALSE
news,"news123,0002250409",*,default_politics,2620930284,2620930284,1,0,0,NA,NA,0,NA,NA,NA,NA,txt,NA,NA,1626397400867,"상식적으로 증인에 대한 '검사'의 강압이나 회유 불법 수사를 보통 ""감찰부""에서 조사하는게 맞는건데, 느닷없이 '인권부'에 배당시킨 건 뭐냐?? 일반회사라면 직원이 고객을 상대로 불법을 저질렀는데 '감사실'이 아니라, '고객센터'로 돌린거거든...",1AObK,NA,ko,KR,naver,naver,lhy8****,NA,naver,2021-07-16T10:03:21+0900,2021-07-16T01:03:21+0000,2021-07-16T10:03:21+0900,2021-07-16T01:03:21+0000,3,3,FALSE,0,FALSE,FALSE,NA,NA,0,NA,FALSE,NA,NA,FALSE,FALSE,NA,NA,NA,NA,NA,FALSE,NA,NA,FALSE,FALSE,0,NA,FALSE,TRUE,FALSE,FALSE,TRUE,FALSE,FALSE,FALSE,NA,1AObK,FALSE,FALSE,NA,FALSE,TRUE,lhy8****,lh****,FALSE,FALSE
news,"news123,0002250409",*,default_politics,2620930124,2620930124,1,1,1,NA,NA,0,NA,NA,NA,NA,txt,NA,NA,1626397395676,한명숙이 뇌물받은 것이 대법원에서도 인정된 범죄인데 무슨 무죄를 주장하는 이런 동물들은 진짜 뇌구조가 어찌된 것인가!   신의 실패작이 아닐까 하네.,1FVTr,NA,ko,KR,naver,naver,ajhk****,NA,naver,2021-07-16T10:03:16+0900,2021-07-16T01:03:16+0000,2021-07-16T10:03:16+0900,2021-07-16T01:03:16+0000,7,2,FALSE,0,FALSE,FALSE,NA,NA,0,NA,TRUE,NA,NA,FALSE,FALSE,NA,NA,NA,NA,NA,FALSE,NA,NA,FALSE,FALSE,0,NA,FALSE,TRUE,FALSE,FALSE,TRUE,FALSE,FALSE,FALSE,NA,1FVTr,FALSE,FALSE,NA,FALSE,TRUE,ajhk****,aj****,FALSE,FALSE
news,"news123,0002250409",*,default_politics,2620929444,2620929444,1,1,1,NA,NA,0,NA,NA,NA,NA,txt,NA,NA,1626397366778,저 ㅈㄹ 한다고 받은돈이[증거]가 없어지냐? 왜 니들한테 운동권에 대모라 어떻게든 살리고 싶지..  범죄자 수사내용 공포는 해도 된다..  그 꼴보기 싫음 죄를 안지으면 되는 단순논리 아니냐?,qm4w,NA,ko,KR,naver,naver,jang****,NA,naver,2021-07-16T10:02:47+0900,2021-07-16T01:02:47+0000,2021-07-16T10:02:47+0900,2021-07-16T01:02:47+0000,7,1,FALSE,0,FALSE,FALSE,NA,NA,0,NA,FALSE,NA,NA,FALSE,FALSE,NA,NA,NA,NA,NA,FALSE,NA,NA,FALSE,FALSE,0,NA,FALSE,TRUE,FALSE,FALSE,TRUE,FALSE,FALSE,FALSE,NA,qm4w,FALSE,FALSE,NA,FALSE,TRUE,jang****,ja****,FALSE,FALSE
news,"news123,0002250409",*,default_politics,2620929354,2620929354,1,2,2,NA,NA,0,NA,NA,NA,NA,txt,NA,NA,1626397363159,윤석열 이인간 특권은 누가 평가하나요? 선택적 정의와 선택적 수사 한 자가 공정과 상식을 입에 올리는 자체가 어불성설 이오 윤로남불 인것이다,1W6rT,NA,ko,KR,naver,naver,art3****,https://phinf.pstatic.net/contact/36/2012/10/12/art3927_1350015432319.jpg,naver,2021-07-16T10:02:43+0900,2021-07-16T01:02:43+0000,2021-07-16T10:02:43+0900,2021-07-16T01:02:43+0000,1,12,FALSE,0,FALSE,FALSE,NA,NA,0,NA,TRUE,NA,NA,FALSE,FALSE,NA,NA,NA,NA,NA,FALSE,NA,NA,FALSE,FALSE,0,NA,FALSE,TRUE,FALSE,FALSE,TRUE,FALSE,FALSE,FALSE,NA,1W6rT,FALSE,FALSE,NA,FALSE,TRUE,art3****,ar****,FALSE,FALSE
news,"news123,0002250409",*,default_politics,2620928884,2620928884,1,3,3,NA,NA,0,NA,NA,NA,NA,txt,NA,NA,1626397346664,윤석열이 이제는 하다하다 이런말도 하네 너는 진짜 초딩보다 더낮은 유치원 원아 수준이구나 에라이 국민들아 정신챙기슈 저런 늠이 대통되면 이나라 진짜 큰일나것소 이 원아수준하고 먼일을 하것소 진짜 답답하다 원아수준에 9수야,3fDRn,NA,ko,KR,naver,naver,aneo****,https://phinf.pstatic.net/contact/20180106_102/1515213834291okf17_PNG/avatar_profile.png,naver,2021-07-16T10:02:27+0900,2021-07-16T01:02:27+0000,2021-07-16T10:02:27+0900,2021-07-16T01:02:27+0000,3,9,FALSE,0,FALSE,FALSE,NA,NA,0,NA,TRUE,NA,NA,FALSE,FALSE,NA,NA,NA,NA,NA,FALSE,NA,NA,FALSE,FALSE,0,NA,FALSE,TRUE,FALSE,FALSE,TRUE,FALSE,FALSE,FALSE,NA,3fDRn,FALSE,FALSE,NA,FALSE,TRUE,aneo****,an****,FALSE,FALSE
news,"news123,0002250409",*,default_politics,2620928814,2620928814,1,0,0,NA,NA,0,NA,NA,NA,NA,txt,NA,NA,1626397344162,와우~대깨문 인간 말종들 총집합했네 ㅋㅋㅋ,7m8rH,NA,ko,KR,naver,naver,8422****,NA,naver,2021-07-16T10:02:24+0900,2021-07-16T01:02:24+0000,2021-07-16T10:02:24+0900,2021-07-16T01:02:24+0000,3,0,FALSE,0,FALSE,FALSE,NA,NA,0,NA,TRUE,NA,NA,FALSE,FALSE,NA,NA,NA,NA,NA,FALSE,NA,NA,FALSE,FALSE,0,NA,FALSE,TRUE,FALSE,FALSE,TRUE,FALSE,FALSE,FALSE,NA,7m8rH,FALSE,FALSE,NA,FALSE,TRUE,8422****,84****,FALSE,FALSE
news,"news123,0002250409",*,default_politics,2620928434,2620928434,1,0,0,NA,NA,0,NA,NA,NA,NA,txt,NA,NA,1626397330902,"증인을 교육시키고  복습해가며 증언한 재판이다
그간 검새들하는 짓거리가 이랬다
안그러냐 석렬아  떰검쌔이들~~",aClGS,NA,ko,KR,naver,naver,ljk5****,NA,naver,2021-07-16T10:02:11+0900,2021-07-16T01:02:11+0000,2021-07-16T10:02:11+0900,2021-07-16T01:02:11+0000,1,5,FALSE,0,FALSE,FALSE,NA,NA,0,NA,TRUE,NA,NA,FALSE,FALSE,NA,NA,NA,NA,NA,FALSE,NA,NA,FALSE,FALSE,0,NA,FALSE,TRUE,FALSE,FALSE,TRUE,FALSE,FALSE,FALSE,NA,aClGS,FALSE,FALSE,NA,FALSE,TRUE,ljk5****,lj****,FALSE,FALSE
news,"news123,0002250409",*,default_politics,2620928354,2620928354,1,0,0,NA,NA,0,NA,NA,NA,NA,txt,NA,NA,1626397328434,제집나간  퇴끼놈들 잡아구ㅡ워  샤브흐샤브탕,3hiyM,NA,ko,KR,naver,naver,akjh****,https://phinf.pstatic.net/contact/20170901_13/15042598428351n4pS_PNG/avatar_profile.png,naver,2021-07-16T10:02:08+0900,2021-07-16T01:02:08+0000,2021-07-16T10:02:08+0900,2021-07-16T01:02:08+0000,0,0,FALSE,0,FALSE,FALSE,NA,NA,0,NA,FALSE,NA,NA,FALSE,FALSE,NA,NA,NA,NA,NA,FALSE,NA,NA,FALSE,FALSE,0,NA,FALSE,TRUE,FALSE,FALSE,TRUE,FALSE,FALSE,FALSE,NA,3hiyM,FALSE,FALSE,NA,FALSE,TRUE,akjh****,ak****,FALSE,FALSE
news,"news123,0002250409",*,default_politics,2620927924,2620927924,1,0,0,NA,NA,0,NA,NA,NA,NA,txt,NA,NA,1626397304222,"뇌물받아쳐먹은건 사실이잖아!그얘긴 쏙빼고
한명숙이도 머리아프겠다  안받아쳐먹은것도아닌데 계속 들추니",S7MN,NA,ko,KR,naver,naver,yank****,NA,naver,2021-07-16T10:01:44+0900,2021-07-16T01:01:44+0000,2021-07-16T10:01:44+0900,2021-07-16T01:01:44+0000,8,0,FALSE,0,FALSE,FALSE,NA,NA,0,NA,TRUE,NA,NA,FALSE,FALSE,NA,NA,NA,NA,NA,FALSE,NA,NA,FALSE,FALSE,0,NA,FALSE,TRUE,FALSE,FALSE,TRUE,FALSE,FALSE,FALSE,NA,S7MN,FALSE,FALSE,NA,FALSE,TRUE,yank****,ya****,FALSE,FALSE
news,"news123,0002250409",*,default_politics,2620927904,2620927904,1,1,1,NA,NA,0,NA,NA,NA,NA,txt,NA,NA,1626397304045,법위에 존재하는 특권계급? 니들 말하는거냐?,1Kcph,NA,ko,KR,naver,naver,sciv****,NA,naver,2021-07-16T10:01:44+0900,2021-07-16T01:01:44+0000,2021-07-16T10:01:44+0900,2021-07-16T01:01:44+0000,0,4,FALSE,0,FALSE,FALSE,NA,NA,0,NA,TRUE,NA,NA,FALSE,FALSE,NA,NA,NA,NA,NA,FALSE,NA,NA,FALSE,FALSE,0,NA,FALSE,TRUE,FALSE,FALSE,TRUE,FALSE,FALSE,FALSE,NA,1Kcph,FALSE,FALSE,NA,FALSE,TRUE,sciv****,sc****,FALSE,FALSE
news,"news123,0002250409",*,default_politics,2620927724,2620927724,1,0,0,NA,NA,0,NA,NA,NA,NA,txt,NA,NA,1626397298037,옳은  말씁입니다  국민들의  보기에도  한심한 정부 입니다  정권교체가  답 입니다  끝까지 힘 내세요,cZNTo,NA,ko,KR,naver,naver,leep****,NA,naver,2021-07-16T10:01:38+0900,2021-07-16T01:01:38+0000,2021-07-16T10:01:38+0900,2021-07-16T01:01:38+0000,9,1,FALSE,0,FALSE,FALSE,NA,NA,0,NA,TRUE,NA,NA,FALSE,FALSE,NA,NA,NA,NA,NA,FALSE,NA,NA,FALSE,FALSE,0,NA,FALSE,TRUE,FALSE,FALSE,TRUE,FALSE,FALSE,FALSE,NA,cZNTo,FALSE,FALSE,NA,FALSE,TRUE,leep****,le****,FALSE,FALSE
news,"news123,0002250409",*,default_politics,2620927584,2620927584,1,0,0,NA,NA,0,NA,NA,NA,NA,txt,NA,NA,1626397291868,운동권과 민노총이 법과 헌법위에 군림하는건 오래된 이야기,1cd6p,NA,ko,KR,naver,naver,hjsu****,NA,naver,2021-07-16T10:01:32+0900,2021-07-16T01:01:32+0000,2021-07-16T10:01:32+0900,2021-07-16T01:01:32+0000,2,0,FALSE,0,FALSE,FALSE,NA,NA,0,NA,TRUE,NA,NA,FALSE,FALSE,NA,NA,NA,NA,NA,FALSE,NA,NA,FALSE,FALSE,0,NA,FALSE,TRUE,FALSE,FALSE,TRUE,FALSE,FALSE,FALSE,NA,1cd6p,FALSE,FALSE,NA,FALSE,TRUE,hjsu****,hj****,FALSE,FALSE
news,"news123,0002250409",*,default_politics,2620927174,2620927174,1,0,0,NA,NA,0,NA,NA,NA,NA,txt,NA,NA,1626397270591,조직에  충성하는   조폭은  필요 없다!!!!!!!!!,1nQng,NA,ko,KR,naver,naver,budd****,NA,naver,2021-07-16T10:01:11+0900,2021-07-16T01:01:11+0000,2021-07-16T10:01:11+0900,2021-07-16T01:01:11+0000,2,1,FALSE,0,FALSE,FALSE,NA,NA,0,NA,FALSE,NA,NA,FALSE,FALSE,NA,NA,NA,NA,NA,FALSE,NA,NA,FALSE,FALSE,0,NA,FALSE,TRUE,FALSE,FALSE,TRUE,FALSE,FALSE,FALSE,NA,1nQng,FALSE,FALSE,NA,FALSE,TRUE,budd****,bu****,FALSE,FALSE
news,"news123,0002250409",*,default_politics,2620927134,2620927134,1,1,1,NA,NA,0,NA,NA,NA,NA,txt,NA,NA,1626397267714,국민들의 수준을 어떻게 보길레 윤석열이가 대권에 나온다는 건지 참 기가차다,3Lfzz,NA,ko,KR,naver,naver,jjan****,NA,naver,2021-07-16T10:01:08+0900,2021-07-16T01:01:08+0000,2021-07-16T10:01:08+0900,2021-07-16T01:01:08+0000,2,8,FALSE,0,FALSE,FALSE,NA,NA,0,NA,TRUE,NA,NA,FALSE,FALSE,NA,NA,NA,NA,NA,FALSE,NA,NA,FALSE,FALSE,0,NA,FALSE,TRUE,FALSE,FALSE,TRUE,FALSE,FALSE,FALSE,NA,3Lfzz,FALSE,FALSE,NA,FALSE,TRUE,jjan****,jj****,FALSE,FALSE
news,"news123,0002250409",*,default_politics,2620925444,2620925444,1,0,0,NA,NA,0,NA,NA,NA,NA,txt,NA,NA,1626397199795,진짜 특권은 재판까지 가지도 않는 너희들이지. 김학의는 잘 살지?? 해외 못가서 불쌍하냐?,2Mape,NA,ko,KR,naver,naver,kyoy****,https://phinf.pstatic.net/contact/20210125_180/1611500664986h8ln3_JPEG/KakaoTalk_20201208_012519257.jpg,naver,2021-07-16T10:00:00+0900,2021-07-16T01:00:00+0000,2021-07-16T10:00:00+0900,2021-07-16T01:00:00+0000,6,4,FALSE,0,FALSE,FALSE,NA,NA,0,NA,TRUE,NA,NA,FALSE,FALSE,NA,NA,NA,NA,NA,FALSE,NA,NA,FALSE,FALSE,0,NA,FALSE,TRUE,FALSE,FALSE,TRUE,FALSE,FALSE,FALSE,NA,2Mape,FALSE,FALSE,NA,FALSE,TRUE,kyoy****,ky****,FALSE,FALSE
news,"news123,0002250409",*,default_politics,2620925274,2620925274,1,1,1,NA,NA,0,NA,NA,NA,NA,txt,NA,NA,1626397192025,비열하고저열한 윤석열배신의정치하려고  집구서단속이나 잘하셔,8ki3w,NA,ko,KR,naver,naver,kdu9****,NA,naver,2021-07-16T09:59:52+0900,2021-07-16T00:59:52+0000,2021-07-16T09:59:52+0900,2021-07-16T00:59:52+0000,2,5,FALSE,0,FALSE,FALSE,NA,NA,0,NA,FALSE,NA,NA,FALSE,FALSE,NA,NA,NA,NA,NA,FALSE,NA,NA,FALSE,FALSE,0,NA,FALSE,TRUE,FALSE,FALSE,TRUE,FALSE,FALSE,FALSE,NA,8ki3w,FALSE,FALSE,NA,FALSE,TRUE,kdu9****,kd****,FALSE,FALSE
news,"news123,0002250409",*,default_politics,2620925194,2620925194,1,0,0,NA,NA,0,NA,NA,NA,NA,txt,NA,NA,1626397190480,너라는 인간이 뒤집어 씌운거 아니냐? 말하는게 철면피네,cWbXV,NA,ko,KR,naver,naver,jj85****,https://phinf.pstatic.net/contact/20210710_136/1625899161261RBQNU_JPEG/image.jpg,naver,2021-07-16T09:59:50+0900,2021-07-16T00:59:50+0000,2021-07-16T09:59:50+0900,2021-07-16T00:59:50+0000,1,4,FALSE,0,FALSE,FALSE,NA,NA,0,NA,TRUE,NA,NA,FALSE,FALSE,NA,NA,NA,NA,NA,FALSE,NA,NA,FALSE,FALSE,0,NA,FALSE,TRUE,FALSE,FALSE,TRUE,FALSE,FALSE,FALSE,NA,cWbXV,FALSE,FALSE,NA,FALSE,TRUE,jj85****,jj****,FALSE,FALSE
news,"news123,0002250409",*,default_politics,2620924614,2620924614,1,0,0,NA,NA,0,NA,NA,NA,NA,txt,NA,NA,1626397168128,조선대한인민공화국 사회에서 살아가는중이다.  짝퉁 사회주의공화국.,n9Nh,NA,ko,KR,naver,naver,fish****,NA,naver,2021-07-16T09:59:28+0900,2021-07-16T00:59:28+0000,2021-07-16T09:59:28+0900,2021-07-16T00:59:28+0000,3,3,FALSE,0,FALSE,FALSE,NA,NA,0,NA,FALSE,NA,NA,FALSE,FALSE,NA,NA,NA,NA,NA,FALSE,NA,NA,FALSE,FALSE,0,NA,FALSE,TRUE,FALSE,FALSE,TRUE,FALSE,FALSE,FALSE,NA,n9Nh,FALSE,FALSE,NA,FALSE,TRUE,fish****,fi****,FALSE,FALSE
news,"news123,0002250409",*,default_politics,2620924514,2620924514,1,0,0,NA,NA,0,NA,NA,NA,NA,txt,NA,NA,1626397165188,윤석열 한마디 하니 대깨문들 집합하네 ㅎ,2cj5w,NA,ko,KR,naver,naver,newf****,NA,naver,2021-07-16T09:59:25+0900,2021-07-16T00:59:25+0000,2021-07-16T09:59:25+0900,2021-07-16T00:59:25+0000,3,0,FALSE,0,FALSE,FALSE,NA,NA,0,NA,FALSE,NA,NA,FALSE,FALSE,NA,NA,NA,NA,NA,FALSE,NA,NA,FALSE,FALSE,0,NA,FALSE,TRUE,FALSE,FALSE,TRUE,FALSE,FALSE,FALSE,NA,2cj5w,FALSE,FALSE,NA,FALSE,TRUE,newf****,ne****,FALSE,FALSE
news,"news123,0002250409",*,default_politics,2620924224,2620924224,1,0,0,NA,NA,0,NA,NA,NA,NA,txt,NA,NA,1626397153441,박근혜때 잘못 됐다가 깽깽거려봐라 이 좌파 짱궈하수인 깽깽아,3FCtR,NA,ko,KR,naver,naver,lenx****,https://phinf.pstatic.net/contact/20210708_186/1625733955151R6Khz_JPEG/image.jpg,naver,2021-07-16T09:59:13+0900,2021-07-16T00:59:13+0000,2021-07-16T09:59:13+0900,2021-07-16T00:59:13+0000,0,0,FALSE,0,FALSE,FALSE,NA,NA,0,NA,FALSE,NA,NA,FALSE,FALSE,NA,NA,NA,NA,NA,FALSE,NA,NA,FALSE,TRUE,0,NA,FALSE,TRUE,FALSE,FALSE,TRUE,FALSE,FALSE,FALSE,NA,3FCtR,FALSE,FALSE,NA,FALSE,TRUE,lenx****,le****,FALSE,FALSE
news,"news123,0002250409",*,default_politics,2620922074,2620922074,1,6,6,NA,NA,0,NA,NA,NA,NA,txt,NA,NA,1626397060890,네 놈 장모 불법 사기로 얻어간 23억원 국민 혈세나 토해내라고 해. 어디서 약을 팔아.,4rYRH,NA,ko,KR,naver,naver,jord****,NA,naver,2021-07-16T09:57:41+0900,2021-07-16T00:57:41+0000,2021-07-16T09:57:41+0900,2021-07-16T00:57:41+0000,5,15,FALSE,0,FALSE,FALSE,NA,NA,0,NA,TRUE,NA,NA,FALSE,FALSE,NA,NA,NA,NA,NA,FALSE,NA,NA,FALSE,FALSE,0,NA,FALSE,TRUE,FALSE,FALSE,TRUE,FALSE,FALSE,FALSE,NA,4rYRH,FALSE,FALSE,NA,FALSE,TRUE,jord****,jo****,FALSE,FALSE
news,"news123,0002250409",*,default_politics,2620921694,2620921694,1,0,0,NA,NA,0,NA,NA,NA,NA,txt,NA,NA,1626397047732,잡것들의 잡일에 거들면 안됩니다. 이는 시종잡배들이하는 말들이니 큰 그림을 그리면서 대권으로가시길 바랍니다.,4ysvA,NA,ko,KR,naver,naver,ha60****,NA,naver,2021-07-16T09:57:28+0900,2021-07-16T00:57:28+0000,2021-07-16T09:57:28+0900,2021-07-16T00:57:28+0000,3,0,FALSE,0,FALSE,FALSE,NA,NA,0,NA,TRUE,NA,NA,FALSE,FALSE,NA,NA,NA,NA,NA,FALSE,NA,NA,FALSE,FALSE,0,NA,FALSE,TRUE,FALSE,FALSE,TRUE,FALSE,FALSE,FALSE,NA,4ysvA,FALSE,FALSE,NA,FALSE,TRUE,ha60****,ha****,FALSE,FALSE
news,"news123,0002250409",*,default_politics,2620921634,2620921634,1,3,3,NA,NA,0,NA,NA,NA,NA,txt,NA,NA,1626397043408,"윤석열은 병역 미필자, 김건희는 논문표절자, 최장모  사기꾼-징역 3년 법정구속, 완전 콩가루 집안에서 애국놀이 하는것 ?? 윤석열  부끄러운줄 알라 ~~ 미안하지만 저런걸 고르려고 9수 했나 ? 김명신 왜 ? 이름 바꾸고, 얼굴 바꾸고, 신분 바꾸고, 학력 바꾼 이유가 무엇일까? '돈세탁'이 아니라, '사람세탁' ? 팩트에 근거 ~ 그것이 알고싶다 ~",ka5g,NA,ko,KR,naver,naver,jong****,NA,naver,2021-07-16T09:57:23+0900,2021-07-16T00:57:23+0000,2021-07-16T09:57:23+0900,2021-07-16T00:57:23+0000,5,6,FALSE,0,FALSE,FALSE,NA,NA,0,NA,TRUE,NA,NA,FALSE,FALSE,NA,NA,NA,NA,NA,FALSE,NA,NA,FALSE,FALSE,0,NA,FALSE,TRUE,FALSE,FALSE,TRUE,FALSE,FALSE,FALSE,NA,ka5g,FALSE,FALSE,NA,FALSE,TRUE,jong****,jo****,FALSE,FALSE
news,"news123,0002250409",*,default_politics,2620921494,2620921494,1,0,0,NA,NA,0,NA,NA,NA,NA,txt,NA,NA,1626397037963,완전 하수구 정권,1VMd1,NA,ko,KR,naver,naver,hks2****,https://phinf.pstatic.net/contact/20181124_82/1543042393411N7zAd_GIF/6.gif,naver,2021-07-16T09:57:18+0900,2021-07-16T00:57:18+0000,2021-07-16T09:57:18+0900,2021-07-16T00:57:18+0000,3,0,FALSE,0,FALSE,FALSE,NA,NA,0,NA,TRUE,NA,NA,FALSE,FALSE,NA,NA,NA,NA,NA,FALSE,NA,NA,FALSE,FALSE,0,NA,FALSE,TRUE,FALSE,FALSE,TRUE,FALSE,FALSE,FALSE,NA,1VMd1,FALSE,FALSE,NA,FALSE,TRUE,hks2****,hk****,FALSE,FALSE
news,"news123,0002250409",*,default_politics,2620921204,2620921204,1,0,0,NA,NA,0,NA,NA,NA,NA,txt,NA,NA,1626397019358,니 장모 국민의 피같은 혈세 23억 약탈은 ~~~~,4ueRd,NA,ko,KR,naver,naver,jjkj****,NA,naver,2021-07-16T09:56:59+0900,2021-07-16T00:56:59+0000,2021-07-16T09:56:59+0900,2021-07-16T00:56:59+0000,2,3,FALSE,0,FALSE,FALSE,NA,NA,0,NA,FALSE,NA,NA,FALSE,FALSE,NA,NA,NA,NA,NA,FALSE,NA,NA,FALSE,FALSE,0,NA,FALSE,TRUE,FALSE,FALSE,TRUE,FALSE,FALSE,FALSE,NA,4ueRd,FALSE,FALSE,NA,FALSE,TRUE,jjkj****,jj****,FALSE,FALSE
news,"news123,0002250409",*,default_politics,2620920614,2620920614,1,0,0,NA,NA,0,NA,NA,NA,NA,txt,NA,NA,1626396991670,"검사들 자기 논리에 빠져 자신들 치부는 덮는걸 정당화 하고, 남의 치부는 언론동원하며 있던 없던 일단 허위사실이라도 공표하고..ㅎㅎ",AC5J,NA,ko,KR,naver,naver,zamd****,https://phinf.pstatic.net/contact/42/2015/4/12/zamduri_1428806568457.jpg,naver,2021-07-16T09:56:32+0900,2021-07-16T00:56:32+0000,2021-07-16T09:56:32+0900,2021-07-16T00:56:32+0000,3,0,FALSE,0,FALSE,FALSE,NA,NA,0,NA,FALSE,NA,NA,FALSE,FALSE,NA,NA,NA,NA,NA,FALSE,NA,NA,FALSE,FALSE,0,NA,FALSE,TRUE,FALSE,FALSE,TRUE,FALSE,FALSE,FALSE,NA,AC5J,FALSE,FALSE,NA,FALSE,TRUE,zamd****,za****,FALSE,FALSE
news,"news123,0002250409",*,default_politics,2620920404,2620920404,1,0,0,NA,NA,0,NA,NA,NA,NA,txt,NA,NA,1626396980759,너가 부끄러운줄 알아야쥐~~  국민을 개호구로 보이냐,38LkY,NA,ko,KR,naver,naver,mars****,NA,naver,2021-07-16T09:56:21+0900,2021-07-16T00:56:21+0000,2021-07-16T09:56:21+0900,2021-07-16T00:56:21+0000,0,1,FALSE,0,FALSE,FALSE,NA,NA,0,NA,FALSE,NA,NA,FALSE,FALSE,NA,NA,NA,NA,NA,FALSE,NA,NA,FALSE,FALSE,0,NA,FALSE,TRUE,FALSE,FALSE,TRUE,FALSE,FALSE,FALSE,NA,38LkY,FALSE,FALSE,NA,FALSE,TRUE,mars****,ma****,FALSE,FALSE
news,"news123,0002250409",*,default_politics,2620920234,2620920234,1,0,0,NA,NA,0,NA,NA,NA,NA,txt,NA,NA,1626396973310,그러게...억울하면 재심신청해서 김명수 대법원이 마침 친정부 성향이라 잘 해줄껀데..왜 재심신청 안할까???,3hF7K,NA,ko,KR,naver,naver,ioas****,NA,naver,2021-07-16T09:56:13+0900,2021-07-16T00:56:13+0000,2021-07-16T09:56:13+0900,2021-07-16T00:56:13+0000,2,0,FALSE,0,FALSE,FALSE,NA,NA,0,NA,FALSE,NA,NA,FALSE,FALSE,NA,NA,NA,NA,NA,FALSE,NA,NA,FALSE,FALSE,0,NA,FALSE,TRUE,FALSE,FALSE,TRUE,FALSE,FALSE,FALSE,NA,3hF7K,FALSE,FALSE,NA,FALSE,TRUE,ioas****,io****,FALSE,FALSE
news,"news123,0002250409",*,default_politics,2620919824,2620919824,1,1,1,NA,NA,0,NA,NA,NA,NA,txt,NA,NA,1626396955948,너는 아니고?,2GKGg,NA,ko,KR,naver,naver,rsf7****,NA,naver,2021-07-16T09:55:56+0900,2021-07-16T00:55:56+0000,2021-07-16T09:55:56+0900,2021-07-16T00:55:56+0000,0,1,FALSE,0,FALSE,FALSE,NA,NA,0,NA,TRUE,NA,NA,FALSE,FALSE,NA,NA,NA,NA,NA,FALSE,NA,NA,FALSE,FALSE,0,NA,FALSE,TRUE,FALSE,FALSE,TRUE,FALSE,FALSE,FALSE,NA,2GKGg,FALSE,FALSE,NA,FALSE,TRUE,rsf7****,rs****,FALSE,FALSE
news,"news123,0002250409",*,default_politics,2620900794,2620900794,1,0,0,NA,NA,0,NA,NA,NA,NA,txt,NA,NA,1626396086730,한명숙이 동생이 아파트 전세금으로 지급했던 한만호의 1억짜리 수표는   한명숙이도 모르게  동생이 한만호에게 차용증 써주고 빌린걸루 조작질을 하면 안될까염 ?????????,8hcZi,NA,ko,KR,naver,naver,sky1****,NA,naver,2021-07-16T09:41:27+0900,2021-07-16T00:41:27+0000,2021-07-16T09:41:27+0900,2021-07-16T00:41:27+0000,2,0,FALSE,0,FALSE,FALSE,NA,NA,0,NA,TRUE,NA,NA,FALSE,FALSE,NA,NA,NA,NA,NA,FALSE,NA,NA,FALSE,FALSE,0,NA,FALSE,TRUE,FALSE,FALSE,TRUE,FALSE,FALSE,FALSE,NA,8hcZi,FALSE,FALSE,NA,FALSE,TRUE,sky1****,sk****,FALSE,FALSE
news,"news123,0002250409",*,default_politics,2620899934,2620899934,1,1,1,NA,NA,0,NA,NA,NA,NA,txt,NA,NA,1626396041684,누가 특권계급인데 헛소리를 지껄이고 있나? 추송서 보내서 장모사건을 덮으려던 검사들이 특권을 발휘한것인가 잘못된 관행을 바로잡으려는 사람들이 특권을 발휘하는것인가? 지금 언론들이 단한줄도 보도하고 잇지않은 조남관 추송서를 직접 유튜브에서 목격한사람으로써 윤석열에게는 신임이 가지않는다. 언제나 그랬다. 우리나라언론들은 국민들을 속이고 감추다가 어쩔수없이 방송한다. 나는 줄리를 1년전부터 알고있었다. 유튜브에서는 벌써 굴러다니던 이야기다.,2aBOA,NA,ko,KR,naver,naver,milm****,https://phinf.pstatic.net/contact/20200318_174/15845104458721jAgB_JPEG/image.jpg,naver,2021-07-16T09:40:42+0900,2021-07-16T00:40:42+0000,2021-07-16T09:40:42+0900,2021-07-16T00:40:42+0000,4,6,FALSE,0,FALSE,FALSE,NA,NA,0,NA,FALSE,NA,NA,FALSE,FALSE,NA,NA,NA,NA,NA,FALSE,NA,NA,FALSE,FALSE,0,NA,FALSE,TRUE,FALSE,FALSE,TRUE,FALSE,FALSE,FALSE,NA,2aBOA,FALSE,FALSE,NA,FALSE,TRUE,milm****,mi****,FALSE,FALSE
